,City,Latitude,Longitude,Maximum Tempurature,Humidity,Cloudiness,Wind Speed,Country,Date
0,Yeppoon,-23.1333,150.7333,75.2,83,75,9.22,AU,1612297263
1,Rikitea,-23.1203,-134.9692,77.97,76,77,15.35,PF,1612297263
2,Mataura,-46.1927,168.8643,61.11,76,100,1.45,NZ,1612297263
3,Hobart,-42.8794,147.3294,57.0,76,75,3.44,AU,1612297263
4,Hong Kong,22.2855,114.1577,63.0,80,78,1.01,HK,1612297166
5,Cervo,43.6702,-7.4101,57.99,86,100,5.99,ES,1612297264
6,Coyhaique,-45.5752,-72.0662,78.8,41,0,6.91,CL,1612297264
7,Dalby,-27.1833,151.2667,70.0,80,0,1.99,AU,1612297264
8,Harper,4.375,-7.7169,78.87,88,24,5.14,LR,1612297264
9,Robertsport,6.7533,-11.3686,80.46,85,0,10.11,LR,1612297264
10,Punta Arenas,-53.15,-70.9167,64.4,59,75,28.77,CL,1612297264
11,Bethel,41.3712,-73.414,32.0,86,90,10.36,US,1612297032
12,Cabedelo,-6.9811,-34.8339,82.4,69,40,13.8,BR,1612297244
13,County Wicklow,53.0,-6.4167,48.2,93,75,16.11,IE,1612297265
14,Barrow,71.2906,-156.7887,-22.0,76,1,12.66,US,1612297265
15,Kapaa,22.0752,-159.319,75.2,83,40,14.97,US,1612297265
16,Vieques,18.425,-65.8329,87.8,48,40,10.36,PR,1612297265
17,Butaritari,3.0707,172.7902,81.77,83,85,19.51,KI,1612297265
18,Chui,-33.6971,-53.4616,80.56,66,92,6.42,UY,1612297266
19,San Patricio,28.017,-97.5169,69.8,40,20,9.22,US,1612297266
20,Qaanaaq,77.484,-69.3632,-9.06,84,100,2.46,GL,1612297266
21,Buala,-8.145,159.5921,80.49,81,97,9.78,SB,1612297266
22,Gosen,37.7333,139.1667,33.01,93,100,7.76,JP,1612297266
23,Arraial do Cabo,-22.9661,-42.0278,86.0,61,0,26.46,BR,1612297266
24,Caucayá,-0.1934,-74.7819,93.34,44,86,3.78,CO,1612297267
25,Sainte-Suzanne,-20.9061,55.6089,80.6,65,40,14.97,RE,1612297267
26,Albany,42.6001,-73.9662,30.0,87,100,1.99,US,1612297124
27,Victoria Point,-27.5833,153.3,71.01,90,10,3.0,AU,1612297267
28,Kolosovka,56.4678,73.611,20.8,97,100,17.65,RU,1612297267
29,Ugoofaaru,5.6667,73.0,82.08,72,31,11.23,MV,1612297267
30,Tuatapere,-46.1333,167.6833,60.08,82,100,3.33,NZ,1612297267
31,Senanga,-16.1167,23.2667,70.34,87,100,3.91,ZM,1612297268
32,Ushuaia,-54.8,-68.3,53.6,82,75,9.22,AR,1612297033
33,Nizhniy Tsasuchey,50.5167,115.1333,-18.47,82,0,7.81,RU,1612297268
34,Prince George,53.9166,-122.753,17.01,79,90,9.22,CA,1612297268
35,Upernavik,72.7868,-56.1549,-7.58,87,100,5.7,GL,1612297268
36,Vanavara,60.34,102.2797,-18.49,88,100,3.69,RU,1612297268
37,Jamestown,42.097,-79.2353,24.01,86,90,13.8,US,1612297269
38,North Mankato,44.1733,-94.0339,25.0,93,90,12.66,US,1612297269
39,Songjianghe,42.1859,127.479,-8.97,88,10,6.51,CN,1612297269
40,East London,-33.0153,27.9116,71.47,76,95,19.64,ZA,1612297175
41,Mae Ramat,16.984,98.5166,64.08,47,0,1.19,TH,1612297269
42,Saldanha,-33.0117,17.9442,69.8,68,0,6.91,ZA,1612297270
43,Boqueirão,-7.5,-36.1333,86.97,39,97,15.32,BR,1612297270
44,Arrondissement de Saint-Denis,48.9167,2.3333,55.4,76,75,13.8,FR,1612297270
45,Ariquemes,-9.9133,-63.0408,87.67,62,97,1.61,BR,1612297270
46,Airai,-8.9266,125.4092,61.38,100,100,2.48,TL,1612297270
47,Cherskiy,68.75,161.3,-5.8,88,0,2.24,RU,1612297270
48,Port Elizabeth,-33.918,25.5701,68.0,88,40,5.75,ZA,1612297270
49,Dingle,10.9995,122.6711,73.74,92,100,8.21,PH,1612297270
50,Alta,69.9689,23.2717,6.8,85,0,2.3,NO,1612297271
51,Cape Town,-33.9258,18.4232,70.0,83,0,17.27,ZA,1612297265
52,Puerto Ayora,-0.7393,-90.3518,84.2,70,0,19.57,EC,1612297040
53,Bluff,-46.6,168.3333,58.6,87,100,7.54,NZ,1612297271
54,Soure,-0.7167,-48.5233,81.91,79,100,14.36,BR,1612297272
55,Bandarbeyla,9.4942,50.8122,73.62,69,17,17.56,SO,1612297272
56,Liverpool,53.4106,-2.9779,46.99,100,40,9.22,GB,1612297099
57,Ponta do Sol,32.6667,-17.1,61.0,68,78,3.0,PT,1612297272
58,Dabeiba,7.0017,-76.2672,82.0,72,100,3.53,CO,1612297272
59,Abu Samrah,35.3029,37.1841,51.44,65,90,9.73,SY,1612297272
60,Kaitangata,-46.2817,169.8464,64.99,91,100,4.27,NZ,1612297272
61,Tasiilaq,65.6145,-37.6368,19.4,93,90,4.61,GL,1612297273
62,Hamilton,39.1834,-84.5333,34.0,51,1,20.71,US,1612296996
63,Iskateley,67.6803,53.1512,10.96,95,100,13.69,RU,1612297273
64,Bengkulu,-3.8004,102.2655,75.67,89,100,5.14,ID,1612297273
65,Belyy Yar,53.6039,91.3903,-16.6,76,100,1.79,RU,1612297274
66,São Filipe,14.8961,-24.4956,73.9,71,0,9.64,CV,1612297274
67,Bagotville,-28.9833,153.4167,69.8,88,90,9.22,AU,1612297274
68,Nikolskoye,59.7035,30.7861,24.8,86,90,11.18,RU,1612297274
69,Soyo,-6.1349,12.3689,79.84,80,100,8.5,AO,1612297274
70,San Isidro,-12.1167,-77.05,77.0,57,0,8.05,PE,1612297274
71,Avarua,-21.2078,-159.775,84.2,70,40,9.22,CK,1612297274
72,Rāmgarh,23.6333,85.5167,53.6,62,0,3.09,IN,1612297261
73,George Town,5.4112,100.3354,80.6,94,20,3.44,MY,1612297158
74,Hermanus,-34.4187,19.2345,66.0,87,0,1.01,ZA,1612297275
75,Zhuangyuan,37.2975,120.8256,25.0,52,0,5.06,CN,1612297275
76,Pisco,-13.7,-76.2167,82.4,47,0,12.66,PE,1612297275
77,Manoharpur,27.3,75.95,57.2,62,0,1.14,IN,1612297275
78,Riyadh,24.6877,46.7219,62.6,31,0,4.61,SA,1612297065
79,Olivet,47.8622,1.8991,54.0,94,90,19.57,FR,1612297275
80,Yellowknife,62.456,-114.3525,-9.99,70,90,10.36,CA,1612297276
81,Norman Wells,65.282,-126.8329,-18.4,76,90,11.5,CA,1612297276
82,Busselton,-33.65,115.3333,66.0,88,10,4.0,AU,1612297276
83,Puerto Baquerizo Moreno,-0.9,-89.6,86.0,70,40,14.97,EC,1612297276
84,Bodden Town,19.2833,-81.25,78.01,73,75,10.36,KY,1612297276
85,Takapau,-40.0333,176.35,64.0,83,0,1.01,NZ,1612297276
86,Ostrovnoy,68.0531,39.5131,25.29,94,100,18.28,RU,1612297276
87,Lindenhurst,40.6868,-73.3735,35.01,86,90,14.97,US,1612297192
88,Marzuq,14.4,46.4667,59.14,35,52,2.91,YE,1612297277
89,Sudak,44.85,34.9667,50.4,82,100,5.93,UA,1612297098
90,Nueve de Julio,-35.4444,-60.8831,78.01,51,99,4.0,AR,1612297159
91,Mahébourg,-20.4081,57.7,80.6,74,75,11.5,MU,1612297277
92,Sembakung,3.8167,117.25,70.39,98,83,2.17,ID,1612297277
93,Khatanga,71.9667,102.5,-29.74,84,38,8.99,RU,1612297277
94,Port Alfred,-33.5906,26.891,66.99,90,0,1.01,ZA,1612297277
95,Saint Paul Harbor,57.79,-152.4072,30.2,93,90,15.95,US,1612297278
96,Craig,40.5153,-107.5464,42.8,45,75,3.44,US,1612297278
97,Seoul,37.5683,126.9778,15.8,73,0,2.3,KR,1612297189
98,Hilo,19.7297,-155.09,78.8,61,1,8.05,US,1612297278
99,Farah,32.5,62.5,43.75,58,0,4.74,AF,1612297278
100,Torbay,47.6666,-52.7314,28.0,80,90,5.75,CA,1612297278
101,Lüderitz,-26.6481,15.1594,65.59,84,0,12.3,NA,1612297279
102,Kuril'sk,45.2333,147.8833,16.47,88,100,30.49,RU,1612297279
103,Lavrentiya,65.5833,-171.0,5.2,88,100,22.75,RU,1612297279
104,Kassala,15.451,36.4,76.28,50,0,10.09,SD,1612297279
105,Uri,34.0833,74.0333,41.31,65,100,7.34,IN,1612297280
106,Tucupita,9.0622,-62.051,84.78,59,83,6.15,VE,1612297280
107,Thinadhoo,0.5333,72.9333,82.72,70,100,5.61,MV,1612297280
108,Mackay,-21.15,149.2,71.6,94,27,5.75,AU,1612297162
109,Constantine,36.365,6.6147,48.97,81,5,2.04,DZ,1612297280
110,Saint-Philippe,-21.3585,55.7679,78.8,83,0,2.3,RE,1612297280
111,Isangel,-19.55,169.2667,80.6,89,75,11.5,VU,1612297281
112,Geraldton,-28.7667,114.6,73.4,78,90,14.97,AU,1612297281
113,Atuona,-9.8,-139.0333,77.83,80,3,17.0,PF,1612297281
114,Kavieng,-2.5744,150.7967,81.36,78,100,12.06,PG,1612297281
115,Kiryū,36.4,139.3333,28.99,69,0,1.01,JP,1612297281
116,Ribeira Grande,38.5167,-28.7,55.4,67,40,29.93,PT,1612297281
117,Gornyy,55.1153,83.9059,7.66,95,100,11.14,RU,1612297282
118,Esperance,-33.8667,121.9,68.0,49,90,18.41,AU,1612297282
119,Severo-Kuril'sk,50.6789,156.125,25.61,95,31,39.41,RU,1612297282
120,Chokurdakh,70.6333,147.9167,-5.48,89,87,11.16,RU,1612297282
121,Faanui,-16.4833,-151.75,81.34,74,6,14.54,PF,1612297282
122,Zelenoborsk,61.4669,64.0333,5.16,94,1,4.88,RU,1612297282
123,Mareeba,-17.0,145.4333,73.4,94,92,1.77,AU,1612297282
124,Nālūt,30.3333,10.85,54.19,42,0,10.56,LY,1612297282
125,San Fernando del Valle de Catamarca,-28.4696,-65.7852,64.0,99,100,3.0,AR,1612297283
126,Grindavik,63.8424,-22.4338,35.6,64,0,19.57,IS,1612297283
127,Atambua,-9.1061,124.8925,75.04,86,100,0.63,ID,1612297283
128,Faya,18.3851,42.4509,60.8,62,0,2.66,SA,1612297283
129,Mehamn,71.0357,27.8492,24.8,80,90,24.16,NO,1612297283
130,Lensk,60.7253,114.9278,-29.22,79,100,12.35,RU,1612297276
131,Vaini,-21.2,-175.2,80.6,94,75,2.3,TO,1612297283
132,Linjiang,41.8069,126.9078,-5.84,86,51,3.71,CN,1612297283
133,Caravelas,-17.7125,-39.2481,81.09,71,98,9.42,BR,1612297284
134,Hithadhoo,-0.6,73.0833,82.06,73,44,4.65,MV,1612297284
135,Vanimo,-2.6741,141.3028,78.21,86,100,10.45,PG,1612297284
136,Chipata,-13.6333,32.65,66.07,92,5,3.49,ZM,1612297284
137,Beringovskiy,63.05,179.3167,8.35,95,100,7.07,RU,1612297284
138,Otradnoye,59.7775,30.8181,24.8,86,90,11.18,RU,1612297284
139,Cap Malheureux,-19.9842,57.6142,79.0,80,22,3.0,MU,1612297284
140,Kiryat Gat,31.61,34.7642,64.99,56,29,5.99,IL,1612297285
141,Hambantota,6.1241,81.1185,77.86,77,23,18.52,LK,1612297285
142,Thompson,55.7435,-97.8558,15.8,100,90,4.61,CA,1612297285
143,Laguna,38.421,-121.4238,55.4,88,90,4.61,US,1612296986
144,Watertown,42.3709,-71.1828,34.0,75,90,12.66,US,1612297285
145,Bredasdorp,-34.5322,20.0403,62.6,77,0,4.61,ZA,1612297285
146,Umm Kaddadah,13.6017,26.6876,80.02,18,0,7.94,SD,1612297285
147,Liwale,-9.7667,37.9333,69.66,95,70,2.15,TZ,1612297285
148,Aklavik,68.2191,-135.0107,-25.6,68,20,9.22,CA,1612297286
149,Mount Gambier,-37.8333,140.7667,57.2,77,90,9.22,AU,1612297286
150,Tuktoyaktuk,69.4541,-133.0374,-31.0,68,20,6.91,CA,1612297286
151,Goma,-1.6792,29.2228,64.65,74,36,3.13,CD,1612297286
152,Vila Velha,-20.3297,-40.2925,82.4,69,20,14.97,BR,1612297286
153,Provideniya,64.3833,-173.3,8.15,91,100,16.51,RU,1612297286
154,Bilma,18.6853,12.9164,66.49,25,0,7.25,NE,1612297286
155,Kieta,-6.2167,155.6333,80.71,81,86,10.65,PG,1612297287
156,Kalmunai,7.4167,81.8167,77.45,83,100,13.15,LK,1612297287
157,Iqaluit,63.7506,-68.5145,-18.4,63,75,2.3,CA,1612297287
158,Port-Gentil,-0.7193,8.7815,82.4,83,40,5.75,GA,1612297287
159,Lufilufi,-13.8745,-171.5986,84.2,79,75,16.11,WS,1612297287
160,Cherëmukhovo,60.3484,59.9851,5.54,92,0,4.16,RU,1612297269
161,Te Anau,-45.4167,167.7167,56.12,88,100,1.52,NZ,1612297288
162,Cidreira,-30.1811,-50.2056,80.64,75,0,11.21,BR,1612297288
163,Zhigansk,66.7697,123.3711,-31.74,85,100,9.53,RU,1612297288
164,Grand-Santi,4.25,-54.3833,78.94,92,100,3.67,GF,1612297288
165,Vestmannaeyjar,63.4427,-20.2734,35.6,75,75,33.38,IS,1612297288
166,Touros,-5.1989,-35.4608,82.4,65,40,17.27,BR,1612297288
167,Rāvar,31.2656,56.8055,47.25,48,0,1.52,IR,1612297027
168,Benjamin Constant,-4.3831,-70.0311,86.0,70,40,3.44,BR,1612297288
169,Carnarvon,-24.8667,113.6333,73.4,100,97,24.16,AU,1612297289
170,Saint George,37.1041,-113.5841,62.6,42,1,3.44,US,1612297289
171,San Juan Bautista,-14.0108,-75.7358,82.4,47,0,12.66,PE,1612297289
172,North Bend,43.4065,-124.2243,51.8,66,75,11.5,US,1612297171
173,Lamu,-2.2717,40.902,78.8,83,40,10.36,KE,1612297289
174,Rocky Mountain House,52.3668,-114.9188,15.8,67,100,8.05,CA,1612297289
175,Kristianstad,56.0313,14.1524,28.0,93,90,3.44,SE,1612297289
176,Koubia,11.5833,-11.9,73.31,19,23,3.0,GN,1612297290
177,Kropotkin,45.4375,40.5756,46.89,62,3,7.02,RU,1612297290
178,Woodward,36.4337,-99.3904,62.6,31,1,12.66,US,1612297290
179,Brigantine,39.4101,-74.3646,35.01,86,90,12.66,US,1612297290
180,Baharly,38.4362,57.4316,48.15,53,0,11.32,TM,1612297087
181,Mossamedes,-15.1961,12.1522,73.8,74,64,6.2,AO,1612297290
182,Havre-St-Pierre,50.2334,-63.5986,24.8,50,75,10.36,CA,1612297290
183,Fonte Boa,-2.4959,-66.2662,78.4,94,100,1.99,BR,1612297290
184,Shimoda,34.6667,138.95,35.01,63,0,1.01,JP,1612297290
185,Sabang,5.8933,95.3214,81.27,79,3,15.55,ID,1612297291
186,Acaraú,-2.8856,-40.12,82.99,66,0,18.12,BR,1612297291
187,Tcholliré,8.4022,14.1698,80.01,19,0,1.95,CM,1612297291
188,Goderich,43.7501,-81.7165,28.4,74,78,20.71,CA,1612297291
189,Manaquiri,-3.3167,-60.35,77.0,88,75,2.3,BR,1612297291
190,Kruisfontein,-34.0033,24.7314,68.0,84,0,1.01,ZA,1612297292
191,Salalah,17.0151,54.0924,69.8,64,0,3.44,OM,1612297292
192,Oriximiná,-1.7656,-55.8661,87.89,63,77,2.89,BR,1612297292
193,Muros,42.7762,-9.0603,57.99,82,100,11.99,ES,1612297292
194,Hvolsvollur,63.7533,-20.2243,35.6,75,75,33.38,IS,1612297292
195,Sioux Lookout,50.1001,-91.917,23.0,80,90,11.5,CA,1612297292
196,New Norfolk,-42.7826,147.0587,57.0,70,99,1.57,AU,1612297292
197,Mildura,-34.2,142.15,54.0,76,0,4.61,AU,1612297293
198,Bud,39.447,-86.1758,30.99,78,98,14.07,US,1612297293
199,Klaksvík,62.2266,-6.589,37.4,70,20,14.97,FO,1612297293
200,Lompoc,34.6391,-120.4579,63.0,72,1,11.5,US,1612297141
201,Lebu,-37.6167,-73.65,62.76,67,44,14.14,CL,1612297293
202,Franca,-20.5386,-47.4008,76.53,80,100,1.45,BR,1612297293
203,Andra,62.5147,65.8878,5.99,94,0,5.73,RU,1612297293
204,Iralaya,15.0,-83.2333,80.6,67,40,11.5,HN,1612297293
205,Sept-Îles,50.2001,-66.3821,28.4,63,100,4.61,CA,1612297259
206,Qaqortoq,60.7167,-46.0333,24.8,63,75,5.75,GL,1612297294
207,Sittwe,20.15,92.9,60.01,63,0,7.29,MM,1612297294
208,Kidal,18.4411,1.4078,73.15,19,5,8.3,ML,1612297294
209,Buraidah,26.326,43.975,66.2,45,0,11.5,SA,1612297294
210,Tacuatí,-23.45,-56.5833,94.06,48,43,4.81,PY,1612297294
211,Puerto Nariño,-3.7703,-70.3831,86.0,66,40,3.44,CO,1612297294
212,Sitka,57.0531,-135.33,35.6,64,20,4.61,US,1612297294
213,Saint-Pierre,-21.3393,55.4781,78.8,83,0,2.3,RE,1612297295
214,Shakawe,-18.3667,21.85,71.1,85,100,2.77,BW,1612297295
215,Baberu,25.55,80.7167,56.19,46,33,4.07,IN,1612297295
216,Ossora,59.2353,163.0719,2.52,93,100,3.42,RU,1612297295
217,Khani,41.9563,42.9566,41.0,70,0,3.44,GE,1612297295
218,Rome,43.2128,-75.4557,28.99,80,90,11.5,US,1612297205
219,St. George's,12.0564,-61.7485,82.4,69,20,23.02,GD,1612297295
220,Yulara,-25.2406,130.9889,75.2,35,25,6.91,AU,1612297296
221,Mawlaik,23.6333,94.4167,57.47,62,0,1.45,MM,1612297296
222,Aksarka,66.5606,67.7975,4.08,93,88,7.49,RU,1612297296
223,Cabo San Lucas,22.8909,-109.9124,78.8,47,20,8.05,MX,1612297296
224,Hasaki,35.7333,140.8333,28.4,86,20,2.3,JP,1612297296
225,Manjacaze,-24.7117,33.8828,74.68,95,51,6.22,MZ,1612297296
226,Philadelphia,39.9523,-75.1638,36.0,75,90,20.71,US,1612297226
227,Pierre,44.3683,-100.351,30.2,86,90,9.22,US,1612297296
228,Meulaboh,4.1363,96.1285,76.8,86,54,4.47,ID,1612297297
229,Egvekinot,66.3167,-179.1667,-1.3,93,100,12.77,RU,1612297297
230,Portland,45.5234,-122.6762,48.99,71,75,16.11,US,1612297017
231,Kachug,53.9606,105.8817,-20.09,84,100,2.13,RU,1612297297
232,Mandera,3.9366,41.867,83.26,23,28,7.7,KE,1612297297
233,Pahrump,36.2083,-115.9839,66.0,35,0,1.99,US,1612297297
234,Lampazos de Naranjo,27.0167,-100.5167,72.12,27,0,7.87,MX,1612297298
235,Polovinnoye,54.7914,65.9864,34.02,94,100,19.46,RU,1612297298
236,Mackenzie,55.2999,-123.1698,5.0,56,90,2.3,CA,1612297298
237,Senador José Porfírio,-2.5908,-51.9542,85.28,69,92,2.28,BR,1612297298
238,Fereydūnkenār,36.6864,52.5225,54.64,70,0,2.37,IR,1612297298
239,Cheshunt,51.7079,-0.0374,52.0,75,39,4.0,GB,1612297298
240,Bintulu,3.1667,113.0333,77.0,94,40,8.08,MY,1612297298
241,Katsuura,35.1333,140.3,42.8,49,0,6.91,JP,1612297299
242,Adrar,20.5022,-10.0711,74.32,19,85,8.93,MR,1612297299
243,Saskylakh,71.9167,114.0833,-9.17,89,100,18.59,RU,1612297299
244,Mbandaka,0.0487,18.2603,78.69,69,81,2.84,CD,1612297299
245,Fare,-16.7,-151.0167,80.87,78,0,14.76,PF,1612297299
246,Healdsburg,38.6105,-122.8692,59.0,67,75,9.22,US,1612297299
247,San Luis Río Colorado,32.4631,-114.7767,80.6,24,40,6.91,MX,1612297300
248,Kindu,-2.95,25.95,74.14,82,98,3.51,CD,1612297300
249,Staunton,38.1496,-79.0717,35.01,55,40,17.27,US,1612297300
250,Lagoa,39.05,-27.9833,55.45,65,43,36.82,PT,1612297300
251,Tazovsky,67.4667,78.7,-2.69,92,97,13.0,RU,1612297300
252,Puerto del Rosario,28.5004,-13.8627,64.4,82,40,6.91,ES,1612297300
253,Mühlhausen,51.2167,10.45,46.99,99,100,11.68,DE,1612297300
254,Boa Vista,2.8197,-60.6733,89.6,45,75,11.5,BR,1612297300
255,Yerbogachën,61.2767,108.0108,-37.17,81,10,3.91,RU,1612297300
256,Nizwá,22.9333,57.5333,56.66,60,0,3.62,OM,1612297301
257,Rovnoye,50.7765,46.0509,35.26,94,100,6.04,RU,1612297301
258,Río Gallegos,-51.6226,-69.2181,75.2,38,75,19.57,AR,1612297301
259,Castro,-24.7911,-50.0119,76.71,79,9,1.63,BR,1612297016
260,Mayo,38.8876,-76.5119,36.0,80,90,9.22,US,1612297301
261,Kenai,60.5544,-151.2583,10.99,66,40,8.52,US,1612297302
262,Pitimbu,-7.4706,-34.8086,82.4,69,40,13.8,BR,1612297302
263,Asahikawa,43.7678,142.3703,5.22,91,100,9.15,JP,1612297302
264,Clyde River,70.4692,-68.5914,-29.2,68,40,5.75,CA,1612297302
265,Shonguy,68.7526,33.146,-13.0,77,20,3.67,RU,1612297302
266,Ketchikan,55.3422,-131.6461,35.6,93,1,5.19,US,1612297302
267,Maningrida,-12.0667,134.2667,77.11,91,99,8.68,AU,1612297302
268,Campoverde,-8.4753,-74.8058,91.4,52,40,12.66,PE,1612297303
269,Metro,-5.1131,105.3067,73.96,96,100,7.0,ID,1612297303
270,Cap-aux-Meules,47.3821,-61.8597,30.2,100,100,31.07,CA,1612297303
271,Linhares,-19.3911,-40.0722,81.21,70,100,8.52,BR,1612297303
272,Pindushi,62.9152,34.58,0.36,93,5,1.5,RU,1612297304
273,Xai-Xai,-25.0519,33.6442,76.75,90,99,11.52,MZ,1612297304
274,Berlevåg,70.8578,29.0864,26.6,63,75,25.32,NO,1612297304
275,Kudahuvadhoo,2.6708,72.8944,82.13,74,98,13.18,MV,1612297304
276,La Ronge,55.1001,-105.2842,17.6,93,100,8.05,CA,1612297304
277,Avera,33.194,-82.5271,52.0,40,40,19.57,US,1612297304
278,Ilulissat,69.2167,-51.1,-4.0,77,40,18.41,GL,1612297305
279,Labuhan,-6.8844,112.2051,77.79,87,100,8.97,ID,1612297305
280,Jiuquan,39.7432,98.5174,21.15,68,11,0.67,CN,1612297305
281,Amoy,24.4798,118.0819,59.0,44,75,13.42,CN,1612297305
282,‘Ewa Beach,21.3156,-158.0072,73.0,94,75,8.05,US,1612297305
283,Dikson,73.5069,80.5464,-22.09,82,0,12.59,RU,1612297306
284,Kysyl-Syr,63.8986,122.7617,-36.76,80,100,9.24,RU,1612297306
285,Tessalit,20.1986,1.0114,70.45,20,0,9.24,ML,1612297306
286,Saint-Joseph,-21.3667,55.6167,78.8,83,0,2.3,RE,1612297306
287,Departamento de Maldonado,-34.6667,-54.9167,75.99,83,75,13.8,UY,1612297107
288,Kondinskoye,59.6481,67.41,16.75,98,100,3.58,RU,1612297307
289,Séguéla,7.9611,-6.6731,82.45,33,20,1.81,CI,1612297307
290,Hofn,64.2539,-15.2082,32.4,92,100,15.28,IS,1612297307
291,Mattru,7.6244,-11.8332,80.91,71,1,5.97,SL,1612297307
292,Ilhabela,-23.7781,-45.3581,82.58,66,0,3.13,BR,1612297307
293,Maniitsoq,65.4167,-52.9,-1.5,79,0,7.96,GL,1612297307
294,Camaná,-16.6228,-72.7111,74.98,63,43,8.79,PE,1612297308
295,Pocerski Pričinović,44.7222,19.7072,37.4,100,90,3.44,RS,1612297308
296,Rocha,-34.4833,-54.3333,78.28,69,78,10.27,UY,1612297308
297,Den Helder,52.9599,4.7593,36.0,93,75,10.36,NL,1612297308
298,Tiksi,71.6872,128.8694,-0.67,93,100,15.43,RU,1612297308
299,Forécariah,9.4306,-13.0881,76.44,70,23,3.96,GN,1612297308
300,Ambilobe,-13.2,49.05,75.6,90,100,1.3,MG,1612297308
301,Nome,64.5011,-165.4064,12.2,62,40,24.16,US,1612297089
302,Talnakh,69.4865,88.3972,-10.71,83,100,6.24,RU,1612297309
303,El Tambo,1.4181,-77.3968,65.48,84,88,5.23,CO,1612297309
304,French Harbor,16.35,-86.4333,75.0,68,40,18.41,HN,1612297309
305,Kahului,20.8947,-156.47,77.0,61,20,2.15,US,1612297309
306,Djibouti,11.5,42.5,73.4,73,1,10.89,DJ,1612297310
307,Comodoro Rivadavia,-45.8667,-67.5,84.2,21,0,12.66,AR,1612297310
308,Bubaque,11.2833,-15.8333,77.92,74,19,13.89,GW,1612297310
309,Bathsheba,13.2167,-59.5167,82.4,57,40,19.57,BB,1612297310
310,Pokhara,28.2333,83.9833,51.22,44,0,4.61,NP,1612297266
311,Greencastle,39.6445,-86.8647,32.0,80,90,10.36,US,1612297310
312,Half Moon Bay,37.4636,-122.4286,59.0,88,75,8.05,US,1612297048
313,Nantucket,41.2835,-70.0995,41.0,100,90,19.57,US,1612297066
314,Praia da Vitória,38.7333,-27.0667,53.01,71,40,27.87,PT,1612297311
315,Vamdrup,55.4276,9.2844,30.2,80,75,8.05,DK,1612297311
316,Bārmer,25.75,71.3833,62.6,32,0,5.21,IN,1612297311
317,Ambon City,-3.6954,128.1814,80.15,81,100,9.55,ID,1612297311
318,Coquimbo,-29.9533,-71.3436,66.2,63,0,12.66,CL,1612297311
319,Wisła,49.6563,18.8591,36.0,89,100,5.01,PL,1612297312
320,Vizianagaram,18.1167,83.4167,66.2,88,0,2.3,IN,1612297312
321,Poquoson,37.1224,-76.3458,35.6,75,90,13.8,US,1612297312
322,Stornoway,58.2093,-6.3865,39.2,60,20,20.71,GB,1612297312
323,Kutum,14.2,24.6667,70.93,23,47,6.55,SD,1612297312
324,Kenora,49.8167,-94.4337,21.2,86,90,11.5,CA,1612297312
325,Demba,-5.51,22.2667,70.34,87,97,1.03,CD,1612297312
326,Bilibino,68.0546,166.4372,-3.39,85,0,5.08,RU,1612297312
327,Nardaran,40.5561,50.0056,46.4,93,75,11.5,AZ,1612297313
328,Bontang,0.1333,117.5,77.85,83,100,6.58,ID,1612297313
329,Souillac,-20.5167,57.5167,80.6,74,75,11.5,MU,1612297313
330,Jalu,29.0331,21.5482,56.21,48,10,4.9,LY,1612297313
331,Vuktyl,63.8567,57.3094,14.16,96,100,8.3,RU,1612297313
332,Nanzhang,31.7765,111.8386,45.12,59,0,1.97,CN,1612297313
333,Samarai,-10.6167,150.6667,81.32,77,91,9.82,PG,1612297314
334,Ahipara,-35.1667,173.1667,65.5,73,0,2.13,NZ,1612297314
335,Shache,38.4167,77.2406,28.42,77,100,2.57,CN,1612297231
336,San Miguel de Tucumán,-26.8241,-65.2226,66.2,94,90,9.22,AR,1612297230
337,Thunder Bay,48.4001,-89.3168,28.99,59,20,8.05,CA,1612297314
338,Mujiayingzi,42.1167,118.7833,-2.88,79,90,5.79,CN,1612297314
339,Boralday,43.3578,76.8594,28.4,100,90,2.24,KZ,1612297315
340,Champerico,14.3,-91.9167,93.2,43,20,11.5,GT,1612297315
341,Erenhot,43.6475,111.9767,2.37,85,82,7.67,CN,1612297315
342,Smithers,54.7804,-127.1743,26.6,86,90,4.61,CA,1612297315
343,Houma,29.5958,-90.7195,57.99,38,1,6.91,US,1612297315
344,Longyearbyen,78.2186,15.6401,19.4,93,90,9.22,SJ,1612297315
345,Chumikan,54.7183,135.315,-23.28,79,100,19.15,RU,1612297315
346,Ayan,56.45,138.1667,-26.64,69,100,12.62,RU,1612297316
347,Tabas,33.5959,56.9244,48.2,34,0,4.61,IR,1612297316
348,Safi,32.2994,-9.2372,63.16,75,100,7.87,MA,1612297316
349,Dunedin,-45.8742,170.5036,63.0,88,50,6.82,NZ,1612297248
350,Suzhou,31.3114,120.6181,39.99,96,47,8.05,CN,1612297057
351,Revda,56.801,59.9303,19.4,93,40,6.71,RU,1612297201
352,Homer,59.6425,-151.5483,19.4,58,90,4.61,US,1612297316
353,Navalcarnero,40.2891,-4.012,53.01,87,75,11.5,ES,1612297316
354,Santa Rosalía,27.3167,-112.2833,70.0,31,100,6.71,MX,1612297317
355,Korla,41.7597,86.1469,24.66,82,4,1.5,CN,1612297317
356,Maurānwān,26.4333,80.8833,55.4,94,0,4.7,IN,1612297317
357,Salta,-24.7859,-65.4117,69.8,68,90,12.66,AR,1612297317
358,Kissidougou,9.1848,-10.0999,76.95,36,0,3.0,GN,1612297317
359,Rapid Valley,44.0625,-103.1463,57.0,30,1,4.61,US,1612297090
360,Mana,5.6592,-53.7767,78.8,84,71,14.65,GF,1612297318
361,Sangar,63.9242,127.4739,-42.27,80,100,0.81,RU,1612297318
362,Aquidauana,-20.4711,-55.7872,91.96,57,77,1.72,BR,1612297318
363,Inuvik,68.3499,-133.7218,-31.0,75,100,1.14,CA,1612297168
364,Kangaatsiaq,68.3065,-53.4641,1.72,93,99,11.88,GL,1612297318
365,Suifenhe,44.4,131.1667,-12.03,83,97,9.42,CN,1612297318
366,Dudinka,69.4058,86.1778,-3.75,92,100,9.44,RU,1612297318
367,Pedernales,18.0384,-71.744,79.77,69,65,6.76,DO,1612297318
368,Waddān,29.1614,16.139,48.99,91,13,6.44,LY,1612297318
369,Namatanai,-3.6667,152.4333,76.78,90,100,16.8,PG,1612297319
370,Saint Anthony,45.0205,-93.218,25.0,80,90,8.05,US,1612297319
371,Guerrero Negro,27.9769,-114.0611,76.21,25,100,1.34,MX,1612297319
372,Kristiansund,63.1115,7.732,21.2,79,0,4.61,NO,1612297319
373,Sisimiut,66.9395,-53.6735,-5.49,82,0,12.08,GL,1612297319
374,Mbarara,-0.608,30.65,66.88,61,2,3.56,UG,1612297087
375,Kaeo,-35.1,173.7833,68.0,77,5,3.0,NZ,1612297320
376,Lata,40.1629,-8.3327,57.99,93,100,5.01,PT,1612297320
377,Praia,14.9215,-23.5087,73.4,60,0,16.11,CV,1612297320
378,Sosnovo-Ozerskoye,52.5249,111.5418,-30.17,84,0,7.54,RU,1612297320
379,Brae,60.3964,-1.353,37.4,70,90,19.57,GB,1612297320
380,Ashland,40.8167,-82.2665,27.0,74,90,17.27,US,1612297320
381,Stranda,62.3096,6.9358,19.0,85,0,5.84,NO,1612297320
382,San Cristobal,7.7669,-72.225,91.4,46,20,11.5,VE,1612297320
383,Kraskino,42.7114,130.7794,2.52,81,0,15.1,RU,1612297321
384,Hilton Head,32.2163,-80.7526,52.0,40,1,16.11,US,1612297231
385,Ayagoz,47.9714,80.4392,20.07,97,96,10.6,KZ,1612297321
386,Helong,42.5397,128.9972,-4.14,78,1,9.01,CN,1612297321
387,Tonj,7.2737,28.6822,86.94,20,45,6.58,SS,1612297030
388,Dhidhdhoo,6.8833,73.1,81.93,71,0,4.41,MV,1612297321
389,Tateyama,34.9833,139.8667,42.8,49,0,6.91,JP,1612297321
390,Berbera,10.4396,45.0143,75.4,55,4,6.64,SO,1612297322
391,Plettenberg Bay,-34.0527,23.3716,69.98,69,0,3.27,ZA,1612297322
392,Alta Floresta,-9.8756,-56.0861,85.1,76,100,4.45,BR,1612297322
393,Makakilo City,21.3469,-158.0858,73.0,100,90,4.61,US,1612297322
394,Long Beach,33.767,-118.1892,69.8,46,1,3.44,US,1612297308
395,Lesogorsk,56.0458,99.5136,-5.17,89,100,2.44,RU,1612297322
396,Illela,13.7292,5.2975,79.48,15,5,9.89,NG,1612297323
397,Nanortalik,60.1432,-45.2371,16.3,85,0,15.95,GL,1612297323
398,Rājpīpla,21.8667,73.5,71.08,23,0,3.02,IN,1612297323
399,La Unión,-5.4,-80.75,86.79,44,21,17.43,PE,1612297323
400,Newcastle,-32.9272,151.7765,66.0,100,40,6.91,AU,1612297323
401,Berdigestyakh,62.0989,126.6992,-40.45,78,100,7.99,RU,1612297324
402,Ponta Delgada,37.7333,-25.6667,51.8,87,75,14.97,PT,1612297324
403,Mananara,-16.1667,49.7667,76.23,87,75,5.06,MG,1612297324
404,Atar,20.5169,-13.0499,76.33,16,0,9.82,MR,1612297324
405,Yar-Sale,66.8333,70.8333,5.04,94,99,7.23,RU,1612297324
406,La Ferté-Bernard,48.1863,0.6536,53.6,87,90,10.36,FR,1612297324
407,Jinxiang,27.4327,120.6062,47.79,81,49,7.05,CN,1612297324
408,Cartagena,10.3997,-75.5144,84.2,74,40,17.27,CO,1612297027
409,Marawi,7.9986,124.2928,72.0,93,100,5.01,PH,1612297325
410,Bonthe,7.5264,-12.505,80.53,77,0,8.41,SL,1612297325
411,Vila,42.0304,-8.1588,53.01,96,100,20.0,PT,1612297325
412,Codrington,-38.2667,141.9667,58.28,77,88,7.45,AU,1612297325
413,Bartlesville,36.7473,-95.9808,54.0,48,0,4.0,US,1612297325
414,Ceccano,41.5677,13.3333,51.01,89,8,3.0,IT,1612297326
415,Bahía Honda,22.9036,-83.1592,68.5,59,24,12.75,CU,1612297326
416,Surgut,61.25,73.4167,15.8,100,75,6.71,RU,1612297326
417,Cockburn Town,21.4612,-71.1419,80.6,69,40,13.8,TC,1612297326
418,Honiara,-9.4333,159.95,78.76,83,78,7.27,SB,1612297326
419,Sunbury,-37.5833,144.7333,57.0,88,75,5.75,AU,1612297326
420,Kaduqli,11.0167,29.7167,78.73,18,2,5.23,SD,1612297158
421,Cam Ranh,11.9214,109.1591,75.2,69,20,11.5,VN,1612297042
422,Broome,42.2506,-75.833,28.0,80,90,16.11,US,1612297327
423,Moose Factory,51.2585,-80.6094,8.6,92,75,2.3,CA,1612297327
424,Mount Isa,-20.7333,139.5,77.0,83,43,11.36,AU,1612297327
425,Nizhnyaya Tavda,57.6731,66.1725,24.85,99,100,3.56,RU,1612297271
426,Athens,37.9795,23.7162,57.99,87,20,1.83,GR,1612297043
427,Sørland,67.667,12.6934,28.4,69,75,13.8,NO,1612297328
428,Dicabisagan,17.0818,122.4157,72.82,84,100,11.16,PH,1612297328
429,Skibbereen,51.55,-9.2667,44.6,93,20,14.97,IE,1612297328
430,Lorengau,-2.0226,147.2712,81.27,83,99,10.87,PG,1612297328
431,Yeysk,46.6989,38.2792,42.06,95,79,8.77,RU,1612297205
432,Gillette,44.2911,-105.5022,60.8,20,1,14.97,US,1612297328
433,Santa Fe,-31.6333,-60.7,68.0,93,100,1.99,AR,1612297154
434,Ponoka,52.6768,-113.5815,10.4,100,100,10.36,CA,1612297329
435,Worthington,40.0931,-83.018,28.99,68,75,18.41,US,1612297105
436,Lázaro Cárdenas,17.9583,-102.2,83.48,58,0,10.36,MX,1612297329
437,Agadez,19.75,10.25,65.57,26,0,8.46,NE,1612297330
438,Kapra,17.4846,78.561,66.0,88,20,3.44,IN,1612297330
439,Sântandrei,47.0662,21.8535,37.4,100,75,4.61,RO,1612297330
440,Vavuniya,8.7514,80.4971,69.51,97,52,3.98,LK,1612297330
441,Søvik,65.9333,12.4667,23.0,50,0,6.91,NO,1612297330
442,Birao,10.2849,22.7882,80.65,19,0,3.91,CF,1612297330
443,Westport,41.1415,-73.3579,35.6,75,90,14.97,US,1612297330
444,Krasnoarmeysk,51.0239,45.6969,33.01,93,100,5.01,RU,1612297331
445,Tual,-5.6667,132.75,83.61,76,99,21.39,ID,1612297331
446,Lundazi,-12.2929,33.1782,65.97,93,55,4.59,ZM,1612297331
447,Qasigiannguit,68.8193,-51.1922,-4.0,77,40,18.41,GL,1612297331
448,Torquay,50.4638,-3.5143,50.0,100,7,3.0,GB,1612297331
449,Manzanillo,20.3433,-77.1167,79.47,40,0,6.93,CU,1612297331
450,Alice Springs,-23.7,133.8833,73.99,40,16,3.44,AU,1612297331
451,Bacolod City,10.6667,122.95,76.55,82,62,12.12,PH,1612297331
452,Nouadhibou,20.931,-17.0347,66.2,82,0,14.97,MR,1612297332
453,Vilyuysk,63.7553,121.6247,-37.79,81,100,9.04,RU,1612297332
454,Çorum Province,40.5,34.75,40.91,68,95,3.0,TR,1612297332
455,Raudeberg,61.9875,5.1352,26.01,86,0,8.05,NO,1612297332
456,Toamasina,-18.1667,49.3833,77.0,94,40,2.3,MG,1612297332
457,Biltine,14.5333,20.9167,75.81,17,0,9.84,TD,1612297332
458,Mar del Plata,-38.0023,-57.5575,69.01,82,90,9.22,AR,1612297151
459,Port Hardy,50.6996,-127.4199,42.8,87,75,5.75,CA,1612297332
460,Mayumba,-3.432,10.6554,79.21,80,91,7.47,GA,1612297333
461,Pangkalanbuun,-2.6833,111.6167,75.15,95,97,3.44,ID,1612297333
462,Caraballeda,10.6112,-66.8522,84.2,65,40,12.35,VE,1612297333
463,Upington,-28.4478,21.2561,75.2,46,0,9.22,ZA,1612297333
464,Port Blair,11.6667,92.75,76.46,78,0,11.34,IN,1612297333
465,Sabzawār,36.2126,57.6819,43.81,58,0,2.21,IR,1612297316
466,Eldorado,-23.7869,-54.2836,84.38,73,74,4.94,BR,1612297333
467,Poya,-21.35,165.15,72.07,91,100,17.78,NC,1612297334
468,Nemuro,43.3236,145.575,16.07,83,21,26.22,JP,1612297334
469,Mombetsu,44.3525,143.3525,10.0,70,28,8.99,JP,1612297334
470,La Cruz,23.9167,-106.9,82.0,66,76,5.99,MX,1612297334
471,Eilat,29.5581,34.9482,69.8,56,0,1.12,IL,1612297280
472,Chupa,66.27,33.0549,5.88,94,5,4.43,RU,1612297334
473,Verkhnevilyuysk,63.4453,120.3167,-37.55,81,100,9.26,RU,1612297335
474,Goulburn,-34.75,149.7167,53.01,92,0,1.61,AU,1612297335
475,Bourail,-21.5667,165.4833,70.86,93,100,24.29,NC,1612297335
476,Erzin,36.9559,36.2,57.0,69,100,11.99,TR,1612297335
477,San Ramon,37.7799,-121.978,59.0,88,75,6.91,US,1612297054
478,Yumen,40.2833,97.2,26.37,66,100,10.98,CN,1612297335
479,Eldama Ravine,0.0516,35.7308,66.2,52,75,3.44,KE,1612297335
480,Alto Araguaia,-17.3147,-53.2153,84.67,62,99,5.35,BR,1612297336
481,Flin Flon,54.7682,-101.865,21.2,93,75,6.91,CA,1612297336
482,Chipinge,-20.1883,32.6236,66.16,100,98,3.36,ZW,1612297336
483,Envira,-7.3,-70.2167,90.0,52,3,1.74,BR,1612297336
484,Omsukchan,62.5333,155.8,-29.47,82,100,6.08,RU,1612297336
485,Normandin,48.8333,-72.5321,26.6,50,99,10.36,CA,1612297336
486,Vao,-22.6667,167.4833,77.59,86,100,44.4,NC,1612297336
487,Keetmanshoop,-26.5833,18.1333,80.69,42,3,26.13,NA,1612297337
488,Sur,22.5667,59.5289,66.16,73,0,2.59,OM,1612297337
489,Evensk,61.95,159.2333,4.17,93,100,5.57,RU,1612297337
490,Garoowe,8.4054,48.4845,66.06,52,75,15.66,SO,1612297337
491,Poum,-20.2333,164.0167,77.04,82,100,25.23,NC,1612297337
492,São Félix do Xingu,-6.6447,-51.995,83.95,85,48,3.69,BR,1612297338
493,Araouane,18.9048,-3.5265,73.96,20,29,9.28,ML,1612297338
494,Porto-Novo,6.4965,2.6036,84.2,84,20,10.36,BJ,1612297338
495,Bosaso,11.2842,49.1816,72.72,66,68,3.02,SO,1612297338
496,Novikovo,51.1537,37.8879,28.26,98,100,5.28,RU,1612297338
497,Tautira,-17.7333,-149.15,86.0,66,20,5.75,PF,1612297338
498,Krasnosel'kup,65.7,82.4667,-2.81,92,100,11.39,RU,1612297338
499,Mālpura,26.2833,75.3833,61.66,31,0,5.08,IN,1612297338
500,Glenluce,54.8798,-4.8084,39.99,96,100,7.0,GB,1612297339
501,Cayenne,4.9333,-52.3333,80.6,94,75,11.5,GF,1612297339
502,Winnemucca,40.973,-117.7357,53.6,43,90,16.11,US,1612297339
503,Jaqué,7.5175,-78.1703,83.32,73,57,5.12,PA,1612297339
504,Coos Bay,43.3665,-124.2179,52.0,66,75,11.5,US,1612297196
505,Odienné,9.51,-7.5692,77.49,17,0,2.33,CI,1612297339
506,Derbent,42.0678,48.2899,44.87,86,30,2.04,RU,1612297339
507,Dodge City,37.7528,-100.0171,60.01,35,1,4.61,US,1612297221
508,Boissevain,49.2306,-100.0559,32.0,100,90,21.85,CA,1612297340
509,Trofors,65.5333,13.4063,-0.4,85,0,4.61,NO,1612297340
510,Fernley,39.608,-119.2518,57.2,40,75,33.38,US,1612297340
511,Fortuna,40.5982,-124.1573,54.0,87,40,4.61,US,1612297340
512,Aden,12.7794,45.0367,75.16,73,0,9.08,YE,1612297045
513,Asău,46.4333,26.4,30.99,72,1,5.12,RO,1612297340
514,Coari,-4.085,-63.1414,77.27,95,100,2.39,BR,1612297340
515,Zatoka,46.0725,30.4654,33.8,100,90,1.57,UA,1612297340
516,Puerto Maldonado,-12.6,-69.1833,87.8,70,40,4.61,PE,1612297341
517,Merauke,-8.4667,140.3333,78.1,88,58,13.62,ID,1612297341
518,Le Locle,47.0595,6.7523,50.0,100,75,5.75,CH,1612297341
519,Daru,-9.0763,143.2092,76.98,89,93,11.72,PG,1612297341
520,Marshall,34.3834,-86.3333,44.01,45,1,13.8,US,1612297341
521,Laas,46.6166,10.7002,35.01,86,0,4.61,IT,1612297341
522,Cirebon,-6.7063,108.557,77.63,85,100,18.48,ID,1612297341
523,Sol'vychegodsk,61.3305,46.9156,18.1,95,100,9.15,RU,1612297342
524,Mahon,39.8885,4.2658,53.6,100,0,6.91,ES,1612297342
525,Barra Patuca,15.8,-84.2833,76.71,68,22,17.2,HN,1612297342
526,Pulandian,39.3953,121.9669,15.8,79,0,4.97,CN,1612297342
527,Havøysund,70.9963,24.6622,28.4,69,75,24.16,NO,1612297343
528,Pāsighāt,28.0667,95.3333,58.53,46,0,3.85,IN,1612297343
529,Pringsewu,-5.3582,104.9744,73.04,93,100,1.03,ID,1612297343
530,Mitsamiouli,-11.3847,43.2844,82.94,71,73,1.99,KM,1612297343
531,Port Hedland,-20.3167,118.5667,82.4,83,90,10.36,AU,1612297343
532,Ambulu,-8.345,113.6058,77.34,86,100,2.51,ID,1612297343
533,Okhotsk,59.3833,143.3,-21.59,85,100,12.17,RU,1612297344
534,Lander,42.833,-108.7307,44.01,38,1,1.7,US,1612297284
535,Batagay,67.6333,134.6333,-40.68,79,100,4.45,RU,1612297344
536,Sucúa,-2.4667,-78.1667,68.0,100,90,6.91,EC,1612297344
537,Russell,32.3502,-85.1999,51.8,28,1,10.36,US,1612297344
538,Vrangel',42.7297,133.0839,1.81,85,12,19.51,RU,1612297344
539,Leeton,-34.5667,146.4,60.8,77,0,9.22,AU,1612297345
540,Oranjemund,-28.55,16.4333,65.97,83,0,4.21,NA,1612297345
541,Pangnirtung,66.1451,-65.7125,-22.0,63,20,1.32,CA,1612297345
542,Sicamous,50.8331,-118.9856,42.01,87,100,2.3,CA,1612297345
543,Banjar,-8.19,114.9675,77.0,94,75,23.02,ID,1612297345
544,Bereda,43.2686,-7.5406,55.0,100,100,11.99,ES,1612297345
545,El Sauzal de Rodríguez,31.9,-116.6833,62.01,87,100,5.01,MX,1612297345
546,Sistranda,63.7256,8.834,17.6,79,40,12.66,NO,1612297346
547,San Quintín,30.4833,-115.95,66.81,57,100,14.94,MX,1612297346
548,Lovozero,68.005,35.0117,13.24,95,92,10.47,RU,1612297346
549,Aykhal,66.0,111.5,-31.09,82,100,9.46,RU,1612297346
550,Yushu,44.8,126.5333,-18.51,86,0,9.73,CN,1612297346
551,Morro Bay,35.3658,-120.8499,66.0,82,79,1.01,US,1612297229
552,Nuevo Progreso,23.1667,-97.95,73.99,46,0,5.99,MX,1612297346
553,Birjand,32.8663,59.2211,30.2,40,0,4.61,IR,1612297347
554,Sahuaripa,29.05,-109.2333,80.87,24,100,2.42,MX,1612297347
555,Marsh Harbour,26.5412,-77.0636,59.13,66,18,31.05,BS,1612297347
556,Kununurra,-15.7667,128.7333,77.0,100,75,4.61,AU,1612297347
557,Marsá Maţrūḩ,31.3525,27.2453,63.36,60,100,6.93,EG,1612297348
558,Pokaran,26.9167,71.9167,63.63,28,0,6.96,IN,1612297348
559,Consuegra,39.4625,-3.608,52.0,81,0,4.61,ES,1612297348
560,Yoichi,43.2039,140.7703,13.68,93,100,25.28,JP,1612297348
561,Rundu,-17.9333,19.7667,70.48,85,100,2.3,NA,1612297348
562,Bambous Virieux,-20.3428,57.7575,80.6,74,75,11.5,MU,1612297348
563,Port Macquarie,-31.4333,152.9167,63.0,87,3,1.99,AU,1612297049
564,Shetpe,44.1667,52.1167,44.38,63,98,21.9,KZ,1612297349
565,Yangi Marg`ilon,40.4272,71.7189,37.4,65,0,4.61,UZ,1612297090
566,Rawson,-43.3002,-65.1023,80.4,26,0,12.12,AR,1612297349
567,Curup,-3.4667,102.5333,67.62,94,100,2.62,ID,1612297349
